ATCACG,ATCACG:APPC_16.11
CGATGT,CGATGT:APPC_19.17
TTAGGC,TTAGGC:APPC_19.21
TGGCCA,TGGCCA:APPC_20.29
ACAGTG,ACAGTG:APPC_20.30
GCCAAT,GCCAAT:APPC_21.01
CAGATC,CAGATC:APPC_22.15
ACTTGA,ACTTGA:APPC_25.17
GATCAG,GATCAG:APPC_28.17
TAGCTT,TAGCTT:APPC_29.07
ATCACG,ATCACG:APPC_30.10
CGATGT,CGATGT:APPC_30.12
TTAGGC,TTAGGC:APPC_31.07
TGGCCA,TGGCCA:APPC_32.26
ACAGTG,ACAGTG:APPC_37.18
GCCAAT,GCCAAT:APPC_40.06
CAGATC,CAGATC:APPC_10.10
ACTTGA,ACTTGA:APPC_10.15
GATCAG,GATCAG:APPC_10.06
TAGCTT,TAGCTT:APPC_10.08
ATCACG,ATCACG:APPC_11.10
CGATGT,CGATGT:APPC_11.16
TTAGGC,TTAGGC:APPC_11.19
TGGCCA,TGGCCA:APPC_11.27
ACAGTG,ACAGTG:APPC_12.18
GCCAAT,GCCAAT:APPC_12.19
CAGATC,CAGATC:APPC_12.22
ACTTGA,ACTTGA:APPC_12.24
GATCAG,GATCAG:APPC_13.18
TAGCTT,TAGCTT:APPC_13.25
ATCACG,ATCACG:APPC_13.29
CGATGT,CGATGT:APPC_13.08
TTAGGC,TTAGGC:APPC_14.23
TGGCCA,TGGCCA:APPC_14.26
ACAGTG,ACAGTG:APPC_14.29
GCCAAT,GCCAAT:APPC_14.09
CAGATC,CAGATC:APPC_15.17
ACTTGA,ACTTGA:APPC_16.14
GATCAG,GATCAG:APPC_16.15
TAGCTT,TAGCTT:APPC_16.25
ATCACG,ATCACG:APPC_17.10
CGATGT,CGATGT:APPC_17.18
TTAGGC,TTAGGC:APPC_17.20
TGGCCA,TGGCCA:APPC_17.09
ACAGTG,ACAGTG:APPC_18.15
GCCAAT,GCCAAT:APPC_18.20
CAGATC,CAGATC:APPC_18.27
ACTTGA,ACTTGA:APPC_18.28
GATCAG,GATCAG:APPC_19.15
TAGCTT,TAGCTT:APPC_19.16
ATCACG,ATCACG:APPC_20.22
CGATGT,CGATGT:APPC_20.28
TTAGGC,TTAGGC:APPC_21.23
TGGCCA,TGGCCA:APPC_21.25
ACAGTG,ACAGTG:APPC_21.08
GCCAAT,GCCAAT:APPC_22.09
CAGATC,CAGATC:APPC_23.23
ACTTGA,ACTTGA:APPC_23.26
GATCAG,GATCAG:APPC_23.04
TAGCTT,TAGCTT:APPC_23.08
ATCACG,ATCACG:APPC_24.14
CGATGT,CGATGT:APPC_24.02
TTAGGC,TTAGGC:APPC_24.06
TGGCCA,TGGCCA:APPC_24.09
ACAGTG,ACAGTG:APPC_25.13
GCCAAT,GCCAAT:APPC_25.16
CAGATC,CAGATC:APPC_25.09
ACTTGA,ACTTGA:APPC_26.02
GATCAG,GATCAG:APPC_26.03
TAGCTT,TAGCTT:APPC_26.04
ATCACG,ATCACG:APPC_26.05
CGATGT,CGATGT:APPC_27.12
TTAGGC,TTAGGC:APPC_27.13
TGGCCA,TGGCCA:APPC_27.07
ACAGTG,ACAGTG:APPC_27.08
GCCAAT,GCCAAT:APPC_28.23
CAGATC,CAGATC:APPC_28.27
ACTTGA,ACTTGA:APPC_28.28
GATCAG,GATCAG:APPC_29.29
TAGCTT,TAGCTT:APPC_30.21
ATCACG,ATCACG:APPC_30.07
CGATGT,CGATGT:APPC_31.10
TTAGGC,TTAGGC:APPC_31.21
TGGCCA,TGGCCA:APPC_32.15
ACAGTG,ACAGTG:APPC_32.24
GCCAAT,GCCAAT:APPC_32.03
CAGATC,CAGATC:APPC_33.13
ACTTGA,ACTTGA:APPC_33.02
GATCAG,GATCAG:APPC_33.05
TAGCTT,TAGCTT:APPC_33.08
ATCACG,ATCACG:APPC_34.13
CGATGT,CGATGT:APPC_34.14
TTAGGC,TTAGGC:APPC_34.05
TGGCCA,TGGCCA:APPC_34.06
ACAGTG,ACAGTG:APPC_35.11
GCCAAT,GCCAAT:APPC_35.14
CAGATC,CAGATC:APPC_35.02
ACTTGA,ACTTGA:APPC_35.07
GATCAG,GATCAG:APPC_36.04
TAGCTT,TAGCTT:APPC_36.06
ATCACG,ATCACG:APPC_37.10
CGATGT,CGATGT:APPC_37.12
TTAGGC,TTAGGC:APPC_37.15
TGGCCA,TGGCCA:APPC_38.12
ACAGTG,ACAGTG:APPC_38.14
GCCAAT,GCCAAT:APPC_39.12
CAGATC,CAGATC:APPC_39.14
ACTTGA,ACTTGA:APPC_39.15
GATCAG,GATCAG:APPC_39.03
TAGCTT,TAGCTT:APPC_40.11
ATCACG,ATCACG:APPC_40.09
CGATGT,CGATGT:APPC_40.15
TTAGGC,TTAGGC:APPC_41.10
TGGCCA,TGGCCA:APPC_41.09
ACAGTG,ACAGTG:APPC_42.06
GCCAAT,GCCAAT:APPC_43.11
CAGATC,CAGATC:APPC_43.14
ACTTGA,ACTTGA:APPC_43.15
GATCAG,GATCAG:APPC_43.05
TAGCTT,TAGCTT:APPC_44.12
ATCACG,ATCACG:APPC_44.07
CGATGT,CGATGT:APPC_05.15
TTAGGC,TTAGGC:APPC_05.23
TGGCCA,TGGCCA:APPC_05.06
ACAGTG,ACAGTG:APPC_05.08
GCCAAT,GCCAAT:APPC_06.12
CAGATC,CAGATC:APPC_06.01
ACTTGA,ACTTGA:APPC_06.15
GATCAG,GATCAG:APPC_06.07
TAGCTT,TAGCTT:APPC_07.10
ATCACG,ATCACG:APPC_07.04
CGATGT,CGATGT:APPC_07.06
TTAGGC,TTAGGC:APPC_07.07
TGGCCA,TGGCCA:APPC_08.12
ACAGTG,ACAGTG:APPC_08.15
GCCAAT,GCCAAT:APPC_08.17
CAGATC,CAGATC:APPC_08.21
ACTTGA,ACTTGA:APPC_09.14
GATCAG,GATCAG:APPC_09.01
TAGCTT,TAGCTT:APPC_09.04
ATCACG,ATCACG:APPC_09.09
CGATGT,CGATGT:APPC_29.14
TTAGGC,TTAGGC:APPC_44.01
TGGCCA,TGGCCA:APPC_44.13
ACAGTG,ACAGTG:APPC_15.02
GCCAAT,GCCAAT:APPC_15.21
CAGATC,CAGATC:APPC_15.22
ACTTGA,ACTTGA:APPC_22.01
GATCAG,GATCAG:APPC_22.12
TAGCTT,TAGCTT:APPC_29.01
ATCACG,ATCACG:APPC_36.01
CGATGT,CGATGT:APPC_36.12
TTAGGC,TTAGGC:APPC_38.02
TGGCCA,TGGCCA:APPC_38.28
ACAGTG,ACAGTG:APPC_41.02
GCCAAT,GCCAAT:APPC_41.28
CAGATC,CAGATC:APPC_42.01
ACTTGA,ACTTGA:APPC_42.11
GATCAG,GATCAG:APPC_42.15
